provider_id,provider_name,provider_type,specialty_group,region,city_tier,network_status,provider_archetype,contract_type,base_cost_multiplier,diagnostic_intensity,admission_intensity,average_claim_expected,historical_volume_band,historical_suspicion_flag,provider_quality_proxy,fraud_exposure_score,claims_n_mean,members_unique_n_mean,billed_total_mean,approved_total_mean,avg_claim_amount_mean,median_claim_amount_mean,p95_claim_amount_mean,emergency_claims_n_mean,inpatient_claims_n_mean,preventive_claims_n_mean,duplicate_claims_n_mean,suspicious_claims_n_mean,dx_proc_mismatch_n_mean,high_severity_share_mean,suspicious_claim_ratio_mean,cost_vs_peer_index_mean,utilization_density_index_mean,anomaly_score_provider_mean,claims_count,high_claim_volume_flag,high_fraud_exposure_flag,high_cost_provider_flag
PRV00001,Provider 1,Clinic,Pediatrics,Central,Metro,In-network,Normal,External,1.0034617355795432,Medium,Medium,209.3,High,0,High,0.177,15.125,15.0,4779.05875,4203.644166666667,321.6726232801122,196.7854166666667,944.8946666666658,1.5416666666666667,0.0,1.5833333333333333,0.2916666666666667,1.0,0.0,0.06875,0.065875,0.76975,1.008375,0.050249999999999996,363,0,0,0
PRV00002,Provider 2,Specialist Center,Pulmonology,Asunción,Semi-Urban,In-network,Normal,Standard,1.0824378736348663,Medium,Low,258.15,Low,0,Medium,0.238,7.0,7.0,1950.8187500000001,1715.1137500000002,272.68929454559606,184.75479166666665,624.6289374999999,0.0,0.0,0.7083333333333334,0.125,0.5416666666666666,0.0,0.09166666666666667,0.06179166666666667,0.8625416666666667,1.0,0.055875,168,0,0,0
PRV00003,Provider 3,Pharmacy,Pharmacy,Asunción,Urban,In-network,High Complexity,Standard,1.577246505422668,Medium,Medium,319.41,Low,0,Medium,0.252,3.7083333333333335,3.7083333333333335,1040.9575,901.1700000000001,268.91351736111113,231.65312500000002,444.43924999999996,0.0,0.0,0.3333333333333333,0.125,0.16666666666666666,0.0,0.046875,0.07291666666666667,1.010125,1.0,0.088875,89,0,0,1
PRV00004,Provider 4,Lab,Laboratory,Alto Paraná,Semi-Urban,In-network,Suspicious,Standard,1.9398153368739075,Medium,High,432.7,Medium,1,Medium,0.869,4.086956521739131,4.086956521739131,3519.3539130434783,2879.35,803.6089720496894,532.3002173913043,1748.7798260869563,0.0,0.0,0.4782608695652174,0.0,1.6521739130434783,0.0,0.041304347826086954,0.41647826086956524,1.7602173913043477,1.0,0.4976956521739131,94,0,1,1
PRV00005,Provider 5,Hospital,Orthopedics,Alto Paraná,Urban,In-network,Normal,Standard,1.0435733955454711,Low,Medium,227.29,Low,0,Medium,0.227,14.333333333333334,14.291666666666666,27656.999166666665,24301.592083333333,1898.247644344456,239.70562500000003,9052.02089583333,2.2083333333333335,2.2083333333333335,1.5,0.2916666666666667,1.0,0.20833333333333334,0.22529166666666667,0.06595833333333333,1.3015416666666668,1.0022083333333334,0.18900000000000003,344,0,0,0
PRV00006,Provider 6,Hospital,General Medicine,Asunción,Metro,In-network,Expensive,External,1.59202650530243,Medium,Medium,288.52,Low,0,High,0.28,14.416666666666666,14.416666666666666,15589.048333333334,13453.3975,1030.483546076746,378.3889583333333,3658.4096249999943,2.0,1.9583333333333333,1.1666666666666667,0.4583333333333333,1.3333333333333333,0.25,0.19533333333333333,0.09866666666666667,0.7283333333333334,1.0,0.11066666666666668,346,0,0,1
PRV00007,Provider 7,Hospital,General Medicine,Paraguarí,Urban,In-network,Suspicious,Preferred,1.8400709519312088,Medium,Low,379.88,Low,1,Medium,0.825,14.25,14.166666666666666,34817.79958333333,29940.104583333334,2402.9760116785465,556.5664583333333,10053.088729166657,2.125,2.0416666666666665,1.0833333333333333,0.375,5.458333333333333,0.25,0.21720833333333334,0.371125,1.64075,1.0042083333333334,0.4890833333333333,342,0,1,1
PRV00008,Provider 8,Pharmacy,Pharmacy,Cordillera,Metro,In-network,Normal,Preferred,1.051037861612062,Medium,Low,289.73,Low,0,Medium,0.192,3.6956521739130435,3.6956521739130435,860.8369565217391,753.1521739130435,249.67891028295375,172.95673913043478,445.1550869565217,0.0,0.0,0.2608695652173913,0.13043478260869565,0.2608695652173913,0.0,0.04852173913043479,0.05452173913043478,0.9280869565217391,1.0,0.076,85,0,0,0
PRV00009,Provider 9,Lab,Laboratory,Asunción,Metro,In-network,Normal,Standard,1.0881325371197097,High,Medium,206.56,Low,0,Medium,0.229,3.0416666666666665,3.0416666666666665,1142.40375,1007.1883333333334,396.9422986111111,341.88437500000003,649.7113958333333,0.0,0.0,0.2916666666666667,0.16666666666666666,0.4166666666666667,0.0,0.05833333333333333,0.16454166666666667,0.8664166666666667,1.0,0.10162500000000001,73,0,0,0
PRV00010,Provider 10,Imaging,Radiology,Paraguarí,Metro,In-network,Normal,Preferred,1.0050894207960137,Low,High,176.95,Medium,0,Medium,0.149,3.260869565217391,3.260869565217391,1188.5595652173913,1038.4321739130435,326.74966666666666,269.5104347826087,597.0327826086956,0.0,0.0,0.21739130434782608,0.043478260869565216,0.30434782608695654,0.0,0.030434782608695653,0.0753913043478261,0.7578695652173913,1.0,0.05504347826086957,75,0,0,0
PRV00011,Provider 11,Hospital,General Medicine,San Pedro,Urban,Out-of-network,Normal,External,0.9489717522616448,Medium,Medium,199.5,Medium,0,Medium,0.176,14.416666666666666,14.375,15316.819583333332,12625.36625,1111.8484230186843,259.3122916666667,4683.8832708333275,1.875,2.3333333333333335,1.25,0.08333333333333333,1.1666666666666667,0.25,0.24662499999999998,0.08358333333333333,0.78475,1.0029583333333334,0.09491666666666666,346,0,0,0
PRV00012,Provider 12,Specialist Center,Pulmonology,San Pedro,Urban,Out-of-network,High Complexity,Standard,1.4646537953977778,Medium,High,373.25,High,0,Medium,0.274,6.833333333333333,6.833333333333333,2265.5758333333333,1940.1733333333334,315.09966057900436,261.7814583333333,613.6637083333333,0.0,0.0,0.625,0.25,0.6666666666666666,0.0,0.044583333333333336,0.08958333333333333,1.01075,1.0,0.08891666666666666,164,0,0,1
PRV00013,Provider 13,Pharmacy,Pharmacy,Asunción,Metro,In-network,High Complexity,External,1.4663887534095523,Medium,Medium,337.06,Medium,0,High,0.277,4.434782608695652,4.434782608695652,1641.2913043478259,1420.8939130434783,362.7557436162871,298.57652173913044,704.1079782608695,0.0,0.0,0.21739130434782608,0.13043478260869565,0.391304347826087,0.0,0.08660869565217391,0.09069565217391304,1.373695652173913,1.0,0.1648695652173913,102,0,0,1
PRV00014,Provider 14,Clinic,Gynecology,Itapúa,Semi-Urban,In-network,Expensive,Standard,1.235960283816394,Medium,Low,298.75,Medium,0,Medium,0.355,16.458333333333332,16.458333333333332,6341.049166666667,5561.833333333333,396.8504659145912,225.70000000000002,1147.165958333333,1.9583333333333333,0.0,1.8333333333333333,0.20833333333333334,1.1666666666666667,0.0,0.0735,0.06954166666666667,0.9525,1.0,0.10116666666666667,395,0,1,0
PRV00015,Provider 15,Clinic,General Medicine,Alto Paraná,Metro,In-network,Normal,Standard,1.0254244135361508,Medium,Medium,187.41,Low,0,Medium,0.176,15.916666666666666,15.875,5883.598333333332,5180.812916666667,366.1745011921548,211.3575,1074.094020833332,1.4166666666666667,0.0,1.75,0.20833333333333334,1.4166666666666667,0.0,0.06908333333333333,0.092125,0.8622916666666667,1.0029583333333334,0.08270833333333333,382,0,0,0
PRV00016,Provider 16,Clinic,Cardiology,Itapúa,Metro,In-network,Normal,External,0.9496386761560732,High,Low,222.48,Low,0,Medium,0.174,16.25,16.25,5212.1725,4567.743750000001,320.1272532299226,182.05854166666666,898.6542708333321,2.375,0.0,1.5416666666666667,0.3333333333333333,1.2916666666666667,0.0,0.06708333333333333,0.080375,0.7602916666666667,1.0,0.058875000000000004,390,0,0,0
PRV00017,Provider 17,Clinic,Gynecology,San Pedro,Metro,In-network,Expensive,Standard,1.3733823385442216,Medium,Low,273.06,Medium,0,Low,0.337,17.208333333333332,17.125,8745.31625,7558.725833333334,515.9955117103739,258.9635416666667,1456.925916666665,2.0833333333333335,0.0,1.4166666666666667,0.7083333333333334,1.9166666666666667,0.0,0.09270833333333334,0.117625,1.2420833333333332,1.0050000000000001,0.18312499999999998,413,1,1,0
PRV00018,Provider 18,Lab,Laboratory,Itapúa,Metro,Out-of-network,High Complexity,External,1.5214386001320854,Medium,High,395.75,Low,0,Medium,0.291,3.5833333333333335,3.5833333333333335,1841.3008333333335,1619.63,516.2414722222222,430.908125,915.1373958333332,0.0,0.0,0.4166666666666667,0.08333333333333333,0.2916666666666667,0.0,0.0625,0.09375,1.1370833333333332,1.0,0.13279166666666667,86,0,0,1
PRV00019,Provider 19,Clinic,General Medicine,Cordillera,Urban,In-network,High Complexity,Preferred,1.5425081312073474,Medium,Medium,363.29,Medium,0,Medium,0.284,16.916666666666668,16.833333333333332,10230.56125,9161.109583333333,589.7830525079224,326.45437499999997,1616.7172916666668,2.125,0.0,1.0416666666666667,0.25,1.2083333333333333,0.0,0.09529166666666666,0.06895833333333333,1.4397083333333331,1.0045416666666667,0.17979166666666666,406,1,0,1
PRV00020,Provider 20,Clinic,General Medicine,Caaguazú,Urban,In-network,Expensive,Standard,1.4167267977394629,Medium,Medium,260.48,Medium,0,High,0.382,15.791666666666666,15.75,9522.347916666668,8537.394583333333,569.6809130691012,254.92958333333334,1442.1236041666662,2.5,0.0,1.625,0.16666666666666666,1.0,0.0,0.06808333333333333,0.06291666666666666,1.3374583333333332,1.0027916666666667,0.18658333333333332,379,0,1,0
PRV00021,Provider 21,Lab,Laboratory,Cordillera,Urban,In-network,Expensive,Standard,1.2849721050733744,Low,Low,215.56,Medium,0,Medium,0.286,3.7083333333333335,3.7083333333333335,1660.3166666666666,1444.5249999999999,481.1554375,405.38124999999997,795.0603958333332,0.0,0.0,0.4583333333333333,0.0,0.08333333333333333,0.0,0.075,0.012500000000000002,1.0605833333333334,1.0,0.12116666666666666,89,0,0,0
PRV00022,Provider 22,Hospital,Orthopedics,Central,Metro,In-network,Normal,Standard,1.051111283674942,Medium,Low,173.56,Low,0,High,0.22,14.75,14.625,17680.639583333334,15120.005416666667,1195.7531370214235,248.17624999999998,5187.665333333326,2.5833333333333335,1.9166666666666667,1.5416666666666667,0.08333333333333333,0.5416666666666666,0.125,0.21341666666666667,0.03141666666666667,0.783,1.009625,0.06683333333333334,354,0,0,0
PRV00023,Provider 23,Clinic,Pediatrics,Central,Metro,In-network,Normal,Preferred,1.1253846293311165,Medium,Low,230.22,Medium,0,High,0.221,18.125,18.041666666666668,6999.206666666666,6120.732083333333,386.6262941489663,220.67416666666668,1147.1884791666664,2.4166666666666665,0.0,1.2916666666666667,0.4166666666666667,1.4583333333333333,0.0,0.057,0.07808333333333332,0.9227500000000001,1.0055416666666666,0.07966666666666668,435,1,0,0
PRV00024,Provider 24,Clinic,Gynecology,Central,Metro,In-network,High Complexity,External,1.6117596349313166,High,Low,309.3,Medium,0,High,0.254,18.5,18.458333333333332,10261.482083333334,8985.439583333333,542.1887460569882,300.9927083333333,1471.8596666666626,2.2916666666666665,0.0,1.625,0.375,1.5416666666666667,0.0,0.07441666666666667,0.0795,1.2836666666666667,1.0029583333333334,0.14795833333333333,444,1,0,1
PRV00025,Provider 25,Clinic,Cardiology,Caaguazú,Semi-Urban,Out-of-network,Expensive,External,1.2561485177673035,Medium,Medium,298.37,Low,0,Medium,0.336,17.083333333333332,17.083333333333332,9378.902083333332,8465.582083333333,548.2336398978083,242.83791666666664,2091.4316874999968,2.2083333333333335,0.0,1.7916666666666667,0.3333333333333333,1.1666666666666667,0.0,0.08104166666666666,0.06491666666666666,1.287,1.0,0.18570833333333334,410,1,1,0
PRV00026,Provider 26,Pharmacy,Pharmacy,Asunción,Metro,In-network,Normal,External,0.9507985590928164,Medium,Low,209.1,Medium,0,Medium,0.173,5.041666666666667,5.041666666666667,1001.08,878.665,196.69073917633293,163.60875000000001,355.2390625,0.0,0.0,0.2916666666666667,0.041666666666666664,0.375,0.0,0.026041666666666668,0.074625,0.7475833333333334,1.0,0.04579166666666667,121,0,0,0
PRV00027,Provider 27,Clinic,General Medicine,Central,Urban,In-network,Normal,Preferred,0.9801389679371908,Medium,Medium,188.11,Medium,0,Medium,0.146,16.916666666666668,16.916666666666668,4523.461666666667,3910.4637500000003,266.0696190847743,165.701875,707.3143124999993,1.7916666666666667,0.0,1.25,0.3333333333333333,1.2916666666666667,0.0,0.072625,0.076875,0.6348333333333334,1.0,0.03970833333333334,406,1,0,0
PRV00028,Provider 28,Lab,Laboratory,Central,Semi-Urban,In-network,Expensive,Standard,1.2786131643516525,Medium,Low,227.48,High,0,High,0.328,3.0434782608695654,3.0434782608695654,1874.2991304347825,1654.5521739130434,581.9310786749483,427.00913043478255,1074.2225434782608,0.0,0.0,0.17391304347826086,0.043478260869565216,0.08695652173913043,0.0,0.06565217391304348,0.043478260869565216,1.3430434782608696,1.0,0.19091304347826088,70,0,1,0
PRV00029,Provider 29,Lab,Laboratory,Alto Paraná,Urban,In-network,Normal,Standard,0.920705575231196,Medium,Low,161.37,Low,0,Medium,0.125,3.4347826086956523,3.4347826086956523,1165.7069565217391,1061.7447826086957,341.33262422360247,238.21391304347827,651.9257391304347,0.0,0.0,0.30434782608695654,0.0,0.043478260869565216,0.0,0.07608695652173914,0.010869565217391304,0.7743478260869565,1.0,0.04473913043478261,79,0,0,0
PRV00030,Provider 30,Hospital,General Medicine,Caaguazú,Semi-Urban,In-network,Normal,Standard,1.0123525821569352,Medium,Low,267.02,High,0,Medium,0.153,15.333333333333334,15.25,22536.982916666664,19527.01958333333,1417.9185912051018,251.770625,6062.084729166653,2.2916666666666665,1.875,1.2916666666666667,0.375,1.4166666666666667,0.08333333333333333,0.16275,0.08675,0.9038333333333334,1.0056666666666667,0.11916666666666666,368,0,0,0
PRV00031,Provider 31,Lab,Laboratory,Caaguazú,Metro,In-network,Normal,Standard,0.982304213461936,High,Medium,185.87,Medium,0,Medium,0.218,3.608695652173913,3.608695652173913,1318.8626086956522,1191.5160869565218,507.4396630434783,475.62630434782614,707.7772826086956,0.0,0.0,0.391304347826087,0.08695652173913043,0.21739130434782608,0.0,0.042434782608695654,0.08952173913043479,1.0083478260869565,1.0,0.11191304347826087,83,0,0,0
PRV00032,Provider 32,Hospital,Orthopedics,Central,Urban,In-network,Expensive,Standard,1.3727665060269671,Medium,Medium,327.0,Medium,0,Medium,0.314,14.333333333333334,14.291666666666666,26762.43041666667,23560.68291666667,1705.3765716012788,352.49375000000003,6705.4932916666485,2.0833333333333335,2.375,1.3333333333333333,0.4166666666666667,1.0833333333333333,0.125,0.21025000000000002,0.07462500000000001,1.0689583333333335,1.0037916666666666,0.17754166666666668,344,0,0,0
PRV00033,Provider 33,Hospital,Internal Medicine,Paraguarí,Urban,In-network,Expensive,Standard,1.4923664894658346,Medium,Medium,383.96,Low,0,High,0.378,15.5,15.458333333333334,44035.607083333336,39718.10875,2720.804736785362,332.9141666666667,11371.411145833326,1.6666666666666667,2.2083333333333335,1.7916666666666667,0.25,1.25,0.16666666666666666,0.214875,0.08191666666666667,1.4825,1.0029583333333334,0.256125,372,0,1,1
PRV00034,Provider 34,Specialist Center,Endocrinology,Alto Paraná,Urban,Out-of-network,Normal,Standard,0.9810917732860512,High,Medium,229.27,Medium,0,High,0.184,7.291666666666667,7.25,2088.2320833333333,1838.8062499999999,305.7598567670755,175.39270833333333,814.0112708333331,0.0,0.0,0.75,0.16666666666666666,0.4166666666666667,0.0,0.07337500000000001,0.05275,0.9485416666666667,1.0041666666666667,0.07604166666666666,175,0,0,0
PRV00035,Provider 35,Specialist Center,Endocrinology,Central,Metro,Out-of-network,Expensive,Standard,1.207749599438363,Medium,Medium,317.82,Low,0,Medium,0.386,6.916666666666667,6.916666666666667,1935.2316666666666,1686.45625,280.8692092352092,215.78083333333333,569.5217708333332,0.0,0.0,1.2083333333333333,0.125,0.625,0.0,0.06841666666666667,0.08545833333333334,0.890625,1.0,0.08429166666666667,166,0,1,0
PRV00036,Provider 36,Pharmacy,Pharmacy,Itapúa,Metro,In-network,Normal,Preferred,0.968088600619716,Medium,Low,200.48,Medium,0,Medium,0.189,4.6521739130434785,4.6521739130434785,890.1086956521739,784.8873913043478,198.39203933747413,160.59369565217392,367.1197608695652,0.0,0.0,0.30434782608695654,0.043478260869565216,0.34782608695652173,0.0,0.11256521739130435,0.07217391304347827,0.7398695652173913,1.0,0.04660869565217392,107,0,0,0
PRV00037,Provider 37,Clinic,General Medicine,Central,Metro,In-network,Normal,Preferred,1.0616340173693315,Low,Low,291.68,Low,0,Medium,0.124,18.416666666666668,18.291666666666668,8419.541666666666,7523.9875,437.62720868961827,212.23541666666665,1308.3808958333327,2.2916666666666665,0.0,1.5416666666666667,0.4166666666666667,1.8333333333333333,0.0,0.066,0.09949999999999999,1.0343333333333333,1.0072916666666667,0.11154166666666666,442,1,0,0
PRV00038,Provider 38,Hospital,Internal Medicine,Central,Urban,In-network,Expensive,Preferred,1.4312124324860347,High,High,251.86,High,0,Low,0.361,14.625,14.583333333333334,35750.85125,31691.18958333333,2500.1702553658465,401.27062500000005,11872.30908333332,1.8333333333333333,2.3333333333333335,1.0833333333333333,0.5,1.375,0.125,0.21766666666666667,0.09679166666666666,1.4333749999999998,1.0029583333333334,0.26158333333333333,351,0,1,0
PRV00039,Provider 39,Imaging,Radiology,Itapúa,Urban,In-network,Expensive,External,1.412236757713628,Low,Medium,243.27,High,0,Low,0.285,3.0869565217391304,3.0869565217391304,1464.625652173913,1270.1869565217391,441.31306521739134,399.4813043478261,722.7977826086956,0.0,0.0,0.43478260869565216,0.0,0.08695652173913043,0.0,0.08691304347826087,0.036217391304347826,1.0674782608695652,1.0,0.12604347826086956,71,0,0,0
PRV00040,Provider 40,Clinic,Pediatrics,Central,Urban,Out-of-network,Suspicious,Preferred,1.612564520904337,Medium,Low,385.47,Medium,1,High,0.874,16.833333333333332,16.75,9677.2575,7932.6987500000005,602.1577729401364,338.73833333333334,1787.564104166666,2.375,0.0,1.7916666666666667,0.375,6.458333333333333,0.0,0.08454166666666667,0.393,1.41475,1.0075833333333333,0.3945,404,1,1,1
PRV00041,Provider 41,Hospital,Internal Medicine,Central,Metro,In-network,Expensive,Preferred,1.4402283141639238,Low,High,393.38,Medium,0,Medium,0.392,15.375,15.333333333333334,21574.45625,18624.27125,1402.8829868190703,328.756875,5040.96816666666,2.2083333333333335,1.9583333333333333,1.3333333333333333,0.4166666666666667,1.25,0.16666666666666666,0.219,0.07691666666666667,0.9805416666666668,1.0024583333333335,0.12941666666666665,369,0,1,0
PRV00042,Provider 42,Lab,Laboratory,Central,Semi-Urban,In-network,Normal,Standard,1.0781519262429653,Medium,Medium,277.16,Low,0,Medium,0.14,3.5833333333333335,3.5833333333333335,1046.2549999999999,919.1029166666667,281.687125,227.11270833333333,485.0300625,0.0,0.0,0.25,0.041666666666666664,0.3333333333333333,0.0,0.06870833333333333,0.09649999999999999,0.644625,1.0,0.06075,86,0,0,0
PRV00043,Provider 43,Hospital,Internal Medicine,Central,Metro,In-network,Normal,Standard,0.944366269608802,Medium,Low,159.76,Medium,0,High,0.167,13.333333333333334,13.333333333333334,11878.25,10203.542500000001,867.270287097402,233.04916666666668,3671.1915624999983,1.75,1.9166666666666667,1.125,0.25,0.9583333333333334,0.20833333333333334,0.21841666666666668,0.07137500000000001,0.6711666666666667,1.0,0.08495833333333334,320,0,0,0
PRV00044,Provider 44,Specialist Center,Cardiology,Central,Metro,In-network,Normal,External,0.996674392196598,Low,Medium,192.88,Medium,0,Medium,0.208,7.541666666666667,7.541666666666667,1793.385,1563.0079166666667,225.78950912397787,172.59208333333333,507.3756458333332,0.0,0.0,0.9166666666666666,0.125,0.6666666666666666,0.0,0.0645,0.10379166666666667,0.7199583333333334,1.0,0.058458333333333334,181,0,0,0
PRV00045,Provider 45,Clinic,Pediatrics,Alto Paraná,Metro,In-network,Normal,Standard,1.161632157094569,Low,Medium,315.54,Low,0,Medium,0.226,16.875,16.833333333333332,6512.34375,5764.91125,415.5721485644276,230.32916666666665,1363.2948749999994,2.125,0.0,1.5833333333333333,0.4583333333333333,1.7083333333333333,0.0,0.06233333333333333,0.10454166666666666,0.987375,1.0022083333333334,0.098625,405,1,0,0
PRV00046,Provider 46,Imaging,Radiology,Itapúa,Urban,In-network,Normal,Standard,0.940810057882929,Low,Medium,179.1,Medium,0,High,0.201,3.4782608695652173,3.4782608695652173,1158.5786956521738,1031.73,324.7720403726708,217.32391304347826,620.0515217391304,0.0,0.0,0.30434782608695654,0.08695652173913043,0.17391304347826086,0.0,0.06082608695652174,0.04130434782608696,0.8012173913043479,1.0,0.064,80,0,0,0
PRV00047,Provider 47,Clinic,Cardiology,Cordillera,Metro,In-network,High Complexity,Standard,1.2430843995361296,Medium,Medium,315.42,High,0,Medium,0.251,17.041666666666668,17.041666666666668,6412.130416666667,5599.252916666667,374.5363688275093,246.81270833333335,1047.175875,2.2916666666666665,0.0,1.625,0.2916666666666667,1.2083333333333333,0.0,0.060625000000000005,0.07354166666666667,0.8780416666666667,1.0,0.07037500000000001,409,1,0,0
PRV00048,Provider 48,Lab,Laboratory,Cordillera,Urban,In-network,Normal,Preferred,1.110632354757184,Medium,Low,287.67,Medium,0,High,0.201,3.25,3.25,1457.2129166666666,1269.2366666666667,466.64549305555556,388.9079166666666,843.0759166666667,0.0,0.0,0.25,0.041666666666666664,0.125,0.0,0.09720833333333334,0.03370833333333333,0.9605416666666665,1.0,0.08645833333333332,78,0,0,0
PRV00049,Provider 49,Lab,Laboratory,Itapúa,Urban,In-network,High Complexity,External,1.7545888589068208,Medium,Medium,385.05,Medium,0,High,0.256,3.869565217391304,3.869565217391304,3175.684347826087,2785.487391304348,868.8275295031057,633.9767391304348,1727.8745434782606,0.0,0.0,0.30434782608695654,0.08695652173913043,0.2608695652173913,0.0,0.059347826086956525,0.06521739130434782,1.7823043478260872,1.0,0.258,89,0,0,1
PRV00050,Provider 50,Clinic,General Medicine,Itapúa,Metro,In-network,Expensive,Standard,1.295163921170709,Medium,Medium,267.27,High,0,High,0.366,17.416666666666668,17.291666666666668,10520.059583333334,9309.021666666666,595.5611187963418,267.95208333333335,1684.707958333329,2.1666666666666665,0.0,1.625,0.5416666666666666,1.0833333333333333,0.0,0.08179166666666667,0.05495833333333333,1.4035416666666667,1.007,0.18300000000000002,418,1,1,0
PRV00051,Provider 51,Specialist Center,Endocrinology,Central,Urban,In-network,Expensive,Standard,1.3364409861758295,Medium,High,286.02,Low,0,Medium,0.394,7.583333333333333,7.583333333333333,2000.7920833333335,1761.8479166666666,267.12489285714287,221.280625,495.1297916666667,0.0,0.0,0.875,0.16666666666666666,0.75,0.0,0.05383333333333334,0.10016666666666667,0.8693333333333334,1.0,0.08804166666666667,182,0,1,0
PRV00052,Provider 52,Pharmacy,Pharmacy,Central,Metro,Out-of-network,Normal,Standard,0.9020051959848838,Low,Medium,168.89,Medium,0,Medium,0.207,4.916666666666667,4.916666666666667,967.1975000000001,833.4629166666667,194.34049409271282,157.13791666666665,376.6416458333333,0.0,0.0,0.5,0.16666666666666666,0.375,0.0,0.0635,0.06529166666666668,0.7426666666666667,1.0,0.043250000000000004,118,0,0,0
PRV00053,Provider 53,Specialist Center,Endocrinology,Central,Metro,Out-of-network,Normal,Standard,1.0071161818087762,Medium,Low,268.62,High,0,Medium,0.224,7.291666666666667,7.291666666666667,1758.50125,1541.38375,251.47751008597882,180.93229166666666,556.9242499999999,0.0,0.0,0.75,0.20833333333333334,0.7916666666666666,0.0,0.05370833333333333,0.1075,0.8089166666666667,1.0,0.06895833333333333,175,0,0,0
PRV00054,Provider 54,Pharmacy,Pharmacy,Asunción,Urban,In-network,Normal,Standard,1.093273097229712,High,Medium,234.04,Low,0,High,0.12,4.083333333333333,4.083333333333333,873.9116666666667,758.1766666666667,222.02450694444443,195.23875,351.7028125,0.0,0.0,0.16666666666666666,0.08333333333333333,0.25,0.0,0.12425000000000001,0.06316666666666666,0.8491666666666666,1.0,0.062875,98,0,0,0
PRV00055,Provider 55,Lab,Laboratory,Alto Paraná,Metro,In-network,Normal,External,0.9565916126593378,Medium,Low,254.35,Medium,0,High,0.206,3.1666666666666665,3.1666666666666665,856.5841666666666,760.4695833333334,229.99911111111112,196.35083333333333,404.6212083333333,0.0,0.0,0.125,0.08333333333333333,0.08333333333333333,0.0,0.09029166666666666,0.022208333333333333,0.5254166666666666,1.0,0.026125000000000006,76,0,0,0
PRV00056,Provider 56,Specialist Center,Endocrinology,Central,Urban,Out-of-network,Expensive,External,1.4552522374543553,Medium,Medium,251.3,Medium,0,Medium,0.38,7.458333333333333,7.458333333333333,2524.6808333333333,2228.4179166666668,336.39199869227997,253.68166666666664,744.6514166666665,0.0,0.0,1.0416666666666667,0.25,0.6666666666666666,0.0,0.07158333333333333,0.11141666666666666,1.0697916666666667,1.0,0.12354166666666666,179,0,1,0
PRV00057,Provider 57,Hospital,Surgery,Cordillera,Urban,In-network,Normal,Standard,1.0370979085912346,Medium,Medium,288.93,Medium,0,Medium,0.125,15.208333333333334,15.166666666666666,14740.834583333335,12303.264166666668,880.9448964128622,227.02291666666667,3420.7212916666626,2.4166666666666665,1.75,1.5,0.3333333333333333,1.25,0.3333333333333333,0.16941666666666666,0.08945833333333335,0.6061249999999999,1.0022083333333334,0.06583333333333334,365,0,0,0
PRV00058,Provider 58,Clinic,Pediatrics,San Pedro,Urban,In-network,Normal,Standard,1.046225351270491,Medium,Low,223.05,Medium,0,Medium,0.225,16.958333333333332,16.875,6146.40125,5403.737916666667,366.9889811237754,201.33083333333335,1004.5154583333323,1.8333333333333333,0.0,1.1666666666666667,0.625,1.625,0.0,0.09350000000000001,0.09745833333333333,0.8612916666666667,1.0057916666666666,0.07975,407,1,0,0
PRV00059,Provider 59,Hospital,Internal Medicine,Alto Paraná,Urban,Out-of-network,Expensive,Preferred,1.291882898329636,Medium,Medium,214.12,High,0,Low,0.311,15.25,15.25,18315.90875,15757.7275,1347.9991133642277,291.0254166666667,5568.112541666658,2.0833333333333335,1.2916666666666667,1.4583333333333333,0.2916666666666667,1.125,0.16666666666666666,0.19162500000000002,0.07295833333333333,0.9570833333333333,1.0,0.15579166666666666,366,0,0,0
PRV00060,Provider 60,Clinic,General Medicine,Central,Urban,In-network,Normal,Standard,0.9716300653653204,Low,Low,159.89,High,0,Medium,0.2,17.791666666666668,17.75,6610.028333333333,5605.494166666666,388.51737005081674,194.88479166666664,1319.1245416666645,1.875,0.0,1.625,0.4583333333333333,1.2083333333333333,0.0,0.051416666666666666,0.06883333333333333,0.9117083333333333,1.0022083333333334,0.09450000000000001,427,1,0,0
PRV00061,Provider 61,Clinic,Gynecology,Asunción,Urban,In-network,High Complexity,Preferred,1.217580961795148,Low,Low,303.84,Low,0,Medium,0.316,17.083333333333332,17.041666666666668,6342.430833333333,5532.662916666667,373.8383478082505,245.73895833333333,1049.0347708333322,2.0416666666666665,0.0,1.8333333333333333,0.4166666666666667,1.0833333333333333,0.0,0.06845833333333333,0.066,0.8954166666666666,1.0022083333333334,0.08474999999999999,410,1,0,0
PRV00062,Provider 62,Clinic,Cardiology,Paraguarí,Urban,In-network,High Complexity,Standard,1.447999505748181,Low,Medium,346.19,High,0,High,0.3,17.125,17.125,9203.45125,8203.72125,527.0689981862154,277.52166666666665,1827.597416666665,2.3333333333333335,0.0,1.4166666666666667,0.4166666666666667,1.375,0.0,0.06158333333333333,0.078,1.2293333333333334,1.0,0.14229166666666668,411,1,0,0
PRV00063,Provider 63,Pharmacy,Pharmacy,Paraguarí,Metro,In-network,High Complexity,External,1.7594273824456266,High,Medium,450.86,Low,0,Medium,0.231,4.130434782608695,4.130434782608695,1728.3778260869567,1549.213043478261,410.18357556935814,300.2795652173913,810.2202826086956,0.0,0.0,0.5217391304347826,0.13043478260869565,0.30434782608695654,0.0,0.0801304347826087,0.07104347826086957,1.517,1.0,0.18595652173913044,95,0,0,1
PRV00064,Provider 64,Clinic,Pediatrics,Central,Metro,In-network,Normal,Standard,0.925653424471818,Medium,High,159.81,Medium,0,Medium,0.192,16.958333333333332,16.791666666666668,4328.491666666667,3808.9258333333332,248.35767303677252,181.00979166666664,632.6083541666665,2.1666666666666665,0.0,1.875,0.5,1.2916666666666667,0.0,0.06841666666666667,0.07920833333333334,0.5939166666666666,1.009125,0.03945833333333333,407,1,0,0
PRV00065,Provider 65,Clinic,General Medicine,Itapúa,Semi-Urban,In-network,Normal,Standard,0.9375758676914476,Low,Medium,154.01,Medium,0,Medium,0.186,15.791666666666666,15.791666666666666,5650.6449999999995,4862.3029166666665,363.1146302112711,189.7877083333333,1263.4360416666652,2.7916666666666665,0.0,1.8333333333333333,0.4166666666666667,0.8333333333333334,0.0,0.06275,0.057708333333333334,0.871125,1.0,0.08641666666666666,379,0,0,0
PRV00066,Provider 66,Lab,Laboratory,Asunción,Urban,In-network,High Complexity,Standard,1.6652341682672824,Low,Low,368.07,Medium,0,Medium,0.328,3.5652173913043477,3.5652173913043477,2514.2465217391305,2166.911304347826,646.6703695652174,456.240652173913,1391.8963695652171,0.0,0.0,0.13043478260869565,0.043478260869565216,0.2608695652173913,0.0,0.03986956521739131,0.0728695652173913,1.4146521739130435,1.0,0.16891304347826086,82,0,1,1
PRV00067,Provider 67,Hospital,Surgery,Asunción,Metro,In-network,Normal,Preferred,1.0322214633594475,Medium,Medium,213.17,Medium,0,Medium,0.169,14.75,14.75,15448.585833333333,13579.282083333334,945.0526493791716,245.59145833333332,3620.606749999993,2.5416666666666665,2.0,1.1666666666666667,0.5,1.6666666666666667,0.2916666666666667,0.21504166666666666,0.11533333333333333,0.6658333333333334,1.0,0.08091666666666668,354,0,0,0
PRV00068,Provider 68,Pharmacy,Pharmacy,Asunción,Urban,In-network,High Complexity,Standard,1.674175384963334,Low,Low,360.67,High,0,Medium,0.259,4.791666666666667,4.791666666666667,1572.7070833333335,1381.5283333333334,327.8382802579365,298.50208333333336,540.9419583333333,0.0,0.0,0.20833333333333334,0.08333333333333333,0.20833333333333334,0.0,0.029916666666666664,0.03166666666666667,1.2502083333333334,1.0,0.109,115,0,0,1
PRV00069,Provider 69,Hospital,General Medicine,Central,Metro,In-network,High Complexity,Preferred,1.3406203027837271,Medium,High,374.02,Medium,0,High,0.31,15.583333333333334,15.541666666666666,24666.423333333336,21947.975416666668,1610.7769911521027,326.8495833333333,6660.773791666656,2.25,2.3333333333333335,1.1666666666666667,0.20833333333333334,1.0416666666666667,0.25,0.20066666666666666,0.07091666666666667,1.0093750000000001,1.0029583333333334,0.14070833333333332,374,0,0,0
PRV00070,Provider 70,Specialist Center,Pulmonology,San Pedro,Semi-Urban,Out-of-network,Suspicious,Preferred,2.3140927488460763,High,Medium,639.82,Medium,1,High,0.87,7.208333333333333,7.166666666666667,4496.759166666667,3608.7429166666666,632.665634672619,443.8572916666667,1449.8042499999995,0.0,0.0,0.5,0.3333333333333333,2.8333333333333335,0.0,0.06475,0.402375,1.9856666666666667,1.0027916666666667,0.5271666666666667,173,0,1,1
PRV00071,Provider 71,Pharmacy,Pharmacy,Itapúa,Metro,In-network,Normal,Standard,0.90273973006662,Medium,Medium,246.52,Low,0,Medium,0.198,4.125,4.125,694.8483333333334,607.0208333333334,171.51296924603173,141.40916666666666,273.8757708333333,0.0,0.0,0.375,0.041666666666666664,0.3333333333333333,0.0,0.09725,0.06295833333333334,0.6528333333333333,1.0,0.041291666666666664,99,0,0,0
PRV00072,Provider 72,Clinic,General Medicine,Central,Metro,In-network,Normal,Standard,1.0123397850987257,Medium,Low,257.2,High,0,Low,0.198,16.291666666666668,16.208333333333332,4871.191666666667,4284.872916666666,307.383139923129,202.87604166666665,847.0301249999989,2.1666666666666665,0.0,1.5416666666666667,0.5416666666666666,1.375,0.0,0.07945833333333334,0.08341666666666665,0.7182083333333332,1.00425,0.059541666666666666,391,0,0,0
PRV00073,Provider 73,Hospital,Orthopedics,Itapúa,Metro,Out-of-network,Suspicious,Standard,1.715095790908911,High,Medium,347.45,High,1,Medium,0.927,13.458333333333334,13.458333333333334,33606.82708333333,29335.73125,2677.691922223959,493.26645833333333,12687.468833333318,2.625,1.9583333333333333,1.1666666666666667,0.375,5.458333333333333,0.2916666666666667,0.24004166666666668,0.4247916666666667,1.57925,1.0,0.46970833333333334,323,0,1,1
PRV00074,Provider 74,Pharmacy,Pharmacy,Paraguarí,Urban,In-network,Normal,Preferred,0.9050686786107962,Medium,Medium,189.57,High,0,Medium,0.192,4.875,4.875,990.3608333333333,870.2087499999999,198.9600654761905,156.373125,398.8468124999999,0.0,0.0,0.4166666666666667,0.08333333333333333,0.2916666666666667,0.0,0.057708333333333334,0.05325,0.7370416666666667,1.0,0.04699999999999999,117,0,0,0
PRV00075,Provider 75,Imaging,Radiology,San Pedro,Semi-Urban,In-network,Normal,Standard,0.97038324617494,Low,High,219.26,Low,0,Medium,0.18,3.0,3.0,1239.5805,1055.7625,410.7687583333333,333.94124999999997,740.3775499999999,0.0,0.0,0.45,0.05,0.2,0.0,0.05,0.0875,1.05275,1.0,0.12769999999999998,60,0,0,0
PRV00076,Provider 76,Pharmacy,Pharmacy,Asunción,Metro,In-network,Normal,Standard,1.0018646080708695,Medium,Low,260.15,Low,0,Low,0.137,4.583333333333333,4.583333333333333,884.255,790.0137500000001,197.64307820767195,174.12541666666667,330.70635416666664,0.0,0.0,0.375,0.041666666666666664,0.375,0.0,0.05629166666666666,0.07004166666666667,0.7387083333333333,1.0,0.057333333333333326,110,0,0,0
PRV00077,Provider 77,Pharmacy,Pharmacy,Central,Urban,In-network,High Complexity,Standard,1.4330048218645757,High,Low,241.1,Low,0,Medium,0.234,4.791666666666667,4.791666666666667,1492.205,1310.5891666666666,301.1439993386243,264.126875,546.6372291666665,0.0,0.0,0.5,0.0,0.2916666666666667,0.0,0.07508333333333334,0.08691666666666666,1.135375,1.0,0.11183333333333334,115,0,0,0
PRV00078,Provider 78,Hospital,Orthopedics,Asunción,Metro,In-network,Expensive,Standard,1.462466834584182,High,High,308.46,Low,0,Medium,0.299,14.375,14.375,27713.971250000002,24199.29291666667,2170.764526863187,376.76020833333337,9823.212562499995,1.9166666666666667,1.9166666666666667,1.5,0.20833333333333334,1.0833333333333333,0.20833333333333334,0.19841666666666666,0.07566666666666667,1.3559999999999999,1.0,0.2534166666666667,345,0,0,0
PRV00079,Provider 79,Clinic,General Medicine,Central,Urban,In-network,Normal,Standard,0.9870699403630024,High,Medium,167.72,Medium,0,Medium,0.141,16.333333333333332,16.291666666666668,5633.807916666666,4954.323333333333,339.7938223063658,193.725,853.6689374999984,1.9166666666666667,0.0,1.5,0.125,1.1666666666666667,0.0,0.06104166666666667,0.07591666666666667,0.8023750000000001,1.001875,0.064375,392,0,0,0
PRV00080,Provider 80,Hospital,General Medicine,Asunción,Metro,In-network,Normal,Standard,0.8926980263185371,Low,Medium,197.96,High,0,High,0.197,14.666666666666666,14.625,13870.487083333333,11884.06875,960.0215844296634,234.07791666666665,3511.8473749999953,2.5833333333333335,1.7916666666666667,1.375,0.20833333333333334,0.875,0.16666666666666666,0.18237499999999998,0.0605,0.5768333333333333,1.0029583333333334,0.04908333333333333,352,0,0,0
PRV00081,Provider 81,Pharmacy,Pharmacy,Alto Paraná,Metro,In-network,Expensive,Standard,1.1788649360796843,High,Low,315.78,Medium,0,Low,0.369,4.5,4.5,1181.335,1021.9679166666666,288.4131565806878,179.814375,570.0293125,0.0,0.0,0.5,0.16666666666666666,0.4583333333333333,0.0,0.041833333333333333,0.09016666666666667,1.0828333333333333,1.0,0.14745833333333333,108,0,1,0
PRV00082,Provider 82,Imaging,Radiology,Central,Urban,In-network,High Complexity,External,1.659109716310062,High,High,421.24,Low,0,Low,0.284,3.380952380952381,3.380952380952381,1898.4861904761904,1655.1799999999998,633.7124285714286,563.6795238095239,970.660238095238,0.0,0.0,0.19047619047619047,0.09523809523809523,0.23809523809523808,0.0,0.03728571428571429,0.06347619047619048,1.480047619047619,1.0,0.18419047619047618,71,0,0,1
PRV00083,Provider 83,Clinic,General Medicine,Central,Semi-Urban,In-network,Normal,Standard,0.8810583373839731,Medium,Low,165.06,Medium,0,Medium,0.219,16.666666666666668,16.625,5567.360833333333,4930.637083333334,331.39314110685456,170.37125,1101.1812291666654,2.2916666666666665,0.0,1.5833333333333333,0.25,1.125,0.0,0.063875,0.068875,0.7899166666666666,1.0023333333333333,0.06183333333333333,400,1,0,0
PRV00084,Provider 84,Hospital,General Medicine,Central,Semi-Urban,In-network,Normal,Standard,1.0253140858439267,High,Medium,284.13,Low,0,High,0.239,15.958333333333334,15.916666666666666,10863.587916666667,9361.24625,622.028131428232,222.03479166666668,2573.199916666666,2.125,2.0416666666666665,1.6666666666666667,0.08333333333333333,1.0833333333333333,0.16666666666666666,0.198875,0.06708333333333334,0.39891666666666664,1.0027916666666667,0.036,383,0,0,0
PRV00085,Provider 85,Clinic,Cardiology,Central,Urban,Out-of-network,Suspicious,Standard,1.847824140846731,High,Medium,443.63,Low,1,Medium,0.918,16.0,15.958333333333334,13120.162916666668,10748.246666666668,856.8650552508598,428.113125,2649.5978124999947,1.6666666666666667,0.0,1.625,0.5,6.208333333333333,0.0,0.06729166666666667,0.38762500000000005,2.0341666666666667,1.0034583333333333,0.512125,384,0,1,1
PRV00086,Provider 86,Clinic,Pediatrics,Central,Semi-Urban,In-network,Expensive,Standard,1.230557356329118,Medium,Low,198.43,Medium,0,Medium,0.363,16.791666666666668,16.75,6657.653333333333,5846.490833333333,414.5715042963006,225.63375,1237.876791666665,2.2916666666666665,0.0,1.8333333333333333,0.4166666666666667,1.5,0.0,0.06104166666666667,0.08891666666666666,1.0002083333333334,1.0022083333333334,0.11841666666666667,403,1,1,0
PRV00087,Provider 87,Pharmacy,Pharmacy,Central,Metro,In-network,Expensive,Standard,1.456888570052987,Medium,Medium,277.76,Medium,0,Low,0.344,4.583333333333333,4.583333333333333,1436.2016666666668,1260.93625,310.2540876322751,263.7729166666667,563.3613541666667,0.0,0.0,0.25,0.041666666666666664,0.25,0.0,0.11058333333333333,0.050416666666666665,1.161375,1.0,0.11004166666666666,110,0,1,0
PRV00088,Provider 88,Imaging,Radiology,Asunción,Semi-Urban,In-network,Expensive,Standard,1.1438647651486042,Medium,Low,218.8,High,0,High,0.334,2.9130434782608696,2.9130434782608696,957.1591304347826,843.2252173913043,364.44452898550725,335.2808695652174,494.17782608695654,0.0,0.0,0.34782608695652173,0.0,0.21739130434782608,0.0,0.1013913043478261,0.0511304347826087,0.9039565217391304,1.0,0.10330434782608695,67,0,1,0
PRV00089,Provider 89,Pharmacy,Pharmacy,Central,Urban,In-network,Normal,Standard,1.023716714719885,Low,Low,172.3,High,0,Medium,0.13,5.166666666666667,5.166666666666667,1083.1433333333332,952.59375,204.3636314484127,175.80208333333334,371.725625,0.0,0.0,0.3333333333333333,0.08333333333333333,0.4166666666666667,0.0,0.08816666666666667,0.07225,0.778375,1.0,0.04158333333333333,124,0,0,0
PRV00090,Provider 90,Lab,Laboratory,Central,Urban,In-network,Normal,Standard,0.9967313653123192,Medium,Medium,274.28,Medium,0,High,0.168,3.6956521739130435,3.6956521739130435,1389.9517391304348,1199.7682608695652,397.5496811594203,328.60021739130434,714.1036956521739,0.0,0.0,0.391304347826087,0.13043478260869565,0.2608695652173913,0.0,0.058695652173913045,0.05365217391304348,0.8701739130434782,1.0,0.066,85,0,0,0
PRV00091,Provider 91,Hospital,General Medicine,Alto Paraná,Urban,In-network,Suspicious,Standard,1.7238204453392034,Medium,High,374.74,Medium,1,High,0.929,14.458333333333334,14.333333333333334,23656.032916666667,20509.486666666668,1570.2240665183647,489.84479166666665,5503.540979166661,1.8333333333333333,1.875,1.5416666666666667,0.375,5.708333333333333,0.125,0.17437499999999997,0.38629166666666664,0.9940416666666666,1.0092916666666667,0.348875,347,0,1,1
PRV00092,Provider 92,Imaging,Radiology,Central,Urban,In-network,Suspicious,Standard,1.490862738544274,High,Medium,398.8,High,1,Medium,0.917,3.4347826086956523,3.4347826086956523,2290.7004347826087,1908.318695652174,628.160019668737,361.09478260869565,1360.988565217391,0.0,0.0,0.4782608695652174,0.2608695652173913,1.0,0.0,0.07069565217391303,0.3099130434782609,1.4050869565217392,1.0,0.37886956521739135,79,0,1,1
PRV00093,Provider 93,Pharmacy,Pharmacy,Asunción,Urban,In-network,Suspicious,External,1.5438551590320164,High,Medium,306.71,Medium,1,High,0.846,3.8260869565217392,3.8260869565217392,1479.0,1235.4852173913043,358.65407556935816,295.7591304347826,648.9298913043477,0.0,0.0,0.30434782608695654,0.043478260869565216,1.2608695652173914,0.0,0.06778260869565218,0.3829565217391304,1.3657826086956522,1.0,0.38856521739130434,88,0,1,1
PRV00094,Provider 94,Lab,Laboratory,Asunción,Urban,In-network,High Complexity,Standard,1.841384364503708,High,Low,322.29,Low,0,Low,0.276,2.9130434782608696,2.9130434782608696,1664.6539130434783,1462.486956521739,603.7740724637681,531.4786956521739,921.5459130434781,0.0,0.0,0.391304347826087,0.08695652173913043,0.21739130434782608,0.0,0.014478260869565218,0.06447826086956522,1.3315652173913042,1.0,0.16021739130434784,67,0,0,1
PRV00095,Provider 95,Pharmacy,Pharmacy,Paraguarí,Urban,In-network,Normal,Standard,1.0972124007097404,Low,Low,238.01,High,0,High,0.218,4.958333333333333,4.958333333333333,1119.5841666666668,963.0479166666668,225.18359077380953,191.86395833333333,434.35662499999995,0.0,0.0,0.3333333333333333,0.08333333333333333,0.16666666666666666,0.0,0.042833333333333334,0.035124999999999997,0.8455833333333334,1.0,0.045625,119,0,0,0
PRV00096,Provider 96,Lab,Laboratory,Central,Metro,In-network,Normal,External,1.0593667670819038,Medium,Low,183.99,Low,0,Medium,0.128,3.782608695652174,3.782608695652174,1425.1147826086956,1271.1421739130435,349.6884637681159,271.680652173913,685.7939347826086,0.0,0.0,0.34782608695652173,0.043478260869565216,0.43478260869565216,0.0,0.036260869565217395,0.12030434782608695,0.7578260869565218,1.0,0.07908695652173912,87,0,0,0
PRV00097,Provider 97,Lab,Laboratory,Alto Paraná,Semi-Urban,In-network,Expensive,Preferred,1.4627817724235626,Low,Low,319.36,Medium,0,High,0.326,3.3181818181818183,3.3181818181818183,1397.6009090909092,1208.969090909091,380.8424707792208,345.76863636363635,585.0793409090909,0.0,0.0,0.45454545454545453,0.045454545454545456,0.36363636363636365,0.0,0.056818181818181816,0.13181818181818183,0.8304090909090909,1.0,0.1085,73,0,1,1
PRV00098,Provider 98,Clinic,General Medicine,Paraguarí,Urban,In-network,Expensive,Preferred,1.4515216253605523,Medium,Low,392.54,Medium,0,Low,0.382,17.0,16.958333333333332,8999.510416666666,7860.602916666667,537.3297109683199,272.0995833333333,1715.7882291666638,2.5,0.0,1.7916666666666667,0.375,1.4583333333333333,0.0,0.05741666666666667,0.084625,1.2505416666666667,1.0027916666666667,0.1645,408,1,1,0
PRV00099,Provider 99,Hospital,Orthopedics,Asunción,Metro,Out-of-network,Expensive,Standard,1.311197254525655,High,Medium,291.73,Medium,0,Medium,0.328,13.916666666666666,13.916666666666666,20953.125833333335,17144.702083333334,1447.77523727481,307.19604166666664,5961.419083333326,2.0416666666666665,2.0,1.0416666666666667,0.16666666666666666,0.9583333333333334,0.16666666666666666,0.221625,0.07158333333333333,1.05125,1.0,0.18733333333333332,334,0,1,0
PRV00100,Provider 100,Hospital,Orthopedics,Caaguazú,Urban,In-network,Expensive,External,1.3557124262177225,High,Low,317.21,Medium,0,Medium,0.289,14.458333333333334,14.416666666666666,22725.51166666667,19766.432083333333,1520.998218670063,287.1979166666667,6420.669687499987,1.9166666666666667,1.9583333333333333,1.2083333333333333,0.25,1.0833333333333333,0.16666666666666666,0.21279166666666668,0.077,1.0327916666666666,1.0029583333333334,0.15983333333333333,347,0,0,0
PRV00101,Provider 101,Hospital,Internal Medicine,Alto Paraná,Urban,In-network,High Complexity,Preferred,1.2849484919526184,Medium,Low,229.74,High,0,Medium,0.285,13.833333333333334,13.75,15367.025833333333,13153.29625,1152.605098040415,321.21729166666665,4294.1728541666635,2.0416666666666665,1.875,1.125,0.16666666666666666,1.2916666666666667,0.2916666666666667,0.20175,0.08700000000000001,0.7510416666666666,1.0037916666666666,0.10858333333333332,332,0,0,0
PRV00102,Provider 102,Imaging,Radiology,Asunción,Urban,Out-of-network,Normal,Preferred,0.992824349855398,High,Medium,164.06,Low,0,Medium,0.223,3.090909090909091,3.090909090909091,1139.124090909091,994.2463636363635,341.67591666666664,292.80386363636364,613.459409090909,0.0,0.0,0.4090909090909091,0.13636363636363635,0.2727272727272727,0.0,0.0885909090909091,0.0870909090909091,0.8583636363636363,1.0,0.08218181818181819,68,0,0,0
PRV00103,Provider 103,Clinic,General Medicine,Central,Urban,Out-of-network,Normal,Preferred,1.0946731399631349,High,High,189.7,Low,0,Medium,0.191,17.5,17.416666666666668,6028.688333333333,5325.41125,343.71499702812486,212.05520833333333,903.1820208333326,1.9583333333333333,0.0,1.7083333333333333,0.3333333333333333,1.125,0.0,0.07037500000000001,0.069375,0.8133333333333334,1.00575,0.04470833333333333,420,1,0,0
PRV00104,Provider 104,Lab,Laboratory,Cordillera,Metro,Out-of-network,Normal,Preferred,0.9471434201394292,Medium,Low,219.57,Medium,0,Medium,0.147,3.217391304347826,3.217391304347826,1334.0469565217393,1194.953043478261,425.380198757764,340.3576086956522,792.261804347826,0.0,0.0,0.34782608695652173,0.0,0.21739130434782608,0.0,0.049695652173913044,0.057260869565217386,0.9174347826086956,1.0,0.09639130434782608,74,0,0,0
PRV00105,Provider 105,Specialist Center,Pulmonology,Central,Urban,In-network,Normal,Preferred,1.081851296374978,High,High,185.43,Medium,0,Medium,0.166,7.625,7.583333333333333,1929.7658333333331,1703.3783333333333,246.27929094516594,182.48833333333334,550.135020833333,0.0,0.0,1.2083333333333333,0.125,0.5,0.0,0.09958333333333334,0.07479166666666666,0.7810833333333332,1.004625,0.046375,183,0,0,0
PRV00106,Provider 106,Clinic,Cardiology,San Pedro,Semi-Urban,In-network,Normal,Standard,1.0073268590955011,Medium,High,206.62,Low,0,High,0.174,16.041666666666668,15.958333333333334,5531.044166666667,4930.37,347.0858960690439,197.0404166666667,992.8253541666658,1.9166666666666667,0.0,1.5416666666666667,0.4583333333333333,1.2083333333333333,0.0,0.06841666666666667,0.07304166666666667,0.8175833333333333,1.0046666666666668,0.06004166666666667,385,0,0,0
PRV00107,Provider 107,Clinic,Cardiology,Central,Metro,In-network,Normal,Standard,0.8891702507464214,Medium,Low,200.96,High,0,Medium,0.19,17.666666666666668,17.583333333333332,6785.407083333333,6004.4675,389.19581437924165,192.265,1136.8145833333313,2.1666666666666665,0.0,1.875,0.3333333333333333,1.5416666666666667,0.0,0.09308333333333334,0.0815,0.9151250000000001,1.0047916666666665,0.08941666666666666,424,1,0,0
PRV00108,Provider 108,Pharmacy,Pharmacy,Itapúa,Urban,In-network,Normal,Standard,0.9114144389322952,Medium,Medium,188.33,Medium,0,Low,0.211,3.5652173913043477,3.5652173913043477,879.5360869565218,762.2195652173913,234.16320703933746,174.94782608695652,434.40823913043477,0.0,0.0,0.30434782608695654,0.17391304347826086,0.43478260869565216,0.0,0.01956521739130435,0.09243478260869564,0.8867391304347826,1.0,0.08365217391304347,82,0,0,0
PRV00109,Provider 109,Clinic,Pediatrics,Central,Metro,In-network,Normal,Standard,1.0735442295766204,Medium,Medium,192.85,High,0,Medium,0.132,17.541666666666668,17.375,6131.484166666666,5389.464166666667,341.97227226045396,209.545625,800.2050416666665,2.0833333333333335,0.0,1.6666666666666667,0.4583333333333333,1.4166666666666667,0.0,0.07533333333333334,0.07608333333333334,0.8065833333333333,1.0084583333333332,0.06520833333333333,421,1,0,0
PRV00110,Provider 110,Hospital,General Medicine,Cordillera,Urban,In-network,Normal,Preferred,1.0442019268206708,Medium,Medium,201.38,High,0,Low,0.227,13.333333333333334,13.291666666666666,20174.62416666667,17261.8125,1629.6380823389575,262.791875,7455.542458333326,2.1666666666666665,1.7083333333333333,1.5,0.20833333333333334,1.2916666666666667,0.125,0.17441666666666666,0.092625,1.1754583333333333,1.0037916666666666,0.15312499999999998,320,0,0,0
PRV00111,Provider 111,Clinic,Gynecology,Alto Paraná,Urban,In-network,Normal,Standard,1.00814112583901,Medium,Medium,273.61,Medium,0,High,0.121,16.541666666666668,16.5,6509.4920833333335,5662.6466666666665,403.47466416918473,197.94020833333335,1229.6898541666653,1.9166666666666667,0.0,1.4583333333333333,0.25,1.2916666666666667,0.0,0.06858333333333333,0.07533333333333334,0.9535833333333333,1.0022083333333334,0.09579166666666666,397,0,0,0
PRV00112,Provider 112,Hospital,Orthopedics,Asunción,Urban,In-network,Normal,Standard,0.9780774548601644,Medium,Medium,235.83,Medium,0,Medium,0.164,14.875,14.833333333333334,16300.42,14305.576666666668,1074.9103359562532,268.55604166666666,4318.71610416666,2.0,2.2916666666666665,1.2083333333333333,0.375,1.5416666666666667,0.25,0.23570833333333333,0.11166666666666668,0.7157916666666667,1.0037916666666666,0.09191666666666666,357,0,0,0
PRV00113,Provider 113,Specialist Center,Neurology,Asunción,Metro,Out-of-network,Suspicious,Standard,1.7963249550782887,Medium,Medium,394.34,High,1,Medium,0.823,7.208333333333333,7.208333333333333,3285.7058333333334,2719.8133333333335,459.1822936507936,389.3929166666667,893.8065416666664,0.0,0.0,0.7083333333333334,0.25,3.0,0.0,0.04270833333333334,0.41891666666666666,1.462,1.0,0.4029583333333333,173,0,1,1
PRV00114,Provider 114,Pharmacy,Pharmacy,Asunción,Urban,In-network,Normal,Preferred,1.07042369994026,Medium,Medium,172.9,Low,0,High,0.167,4.3478260869565215,4.3478260869565215,1273.4991304347825,1126.8617391304347,254.66770910973085,184.74652173913043,498.00108695652165,0.0,0.0,0.391304347826087,0.043478260869565216,0.13043478260869565,0.0,0.056739130434782604,0.023173913043478264,0.9671304347826087,1.0,0.06843478260869565,100,0,0,0
PRV00115,Provider 115,Imaging,Radiology,Asunción,Metro,In-network,Normal,Standard,1.1180682624389828,Medium,Medium,312.04,Medium,0,High,0.183,3.1818181818181817,3.1818181818181817,1166.7827272727272,995.31,411.9934583333333,387.62045454545455,642.3946363636363,0.0,0.0,0.4090909090909091,0.18181818181818182,0.36363636363636365,0.0,0.05677272727272728,0.09850000000000002,0.9594090909090909,1.0,0.112,70,0,0,0
PRV00116,Provider 116,Pharmacy,Pharmacy,Asunción,Metro,In-network,Normal,Standard,1.1218947359552485,Medium,Medium,269.9,Low,0,Medium,0.181,4.166666666666667,4.125,1048.7245833333334,916.1783333333333,261.08532936507936,214.94833333333335,494.57275,0.0,0.0,0.20833333333333334,0.16666666666666666,0.4166666666666667,0.0,0.063875,0.07220833333333333,0.9831249999999999,1.0069583333333334,0.09400000000000001,100,0,0,0
PRV00117,Provider 117,Pharmacy,Pharmacy,Itapúa,Metro,Out-of-network,Expensive,External,1.39463518809102,Medium,Medium,276.18,Medium,0,High,0.3,4.833333333333333,4.833333333333333,1686.9516666666668,1490.335,371.01712797619047,274.1402083333333,764.5732916666666,0.0,0.0,0.4166666666666667,0.041666666666666664,0.20833333333333334,0.0,0.08683333333333333,0.03825,1.390375,1.0,0.16420833333333332,116,0,0,0
PRV00118,Provider 118,Clinic,Gynecology,Alto Paraná,Metro,In-network,Normal,Standard,0.9862454647708384,Low,Medium,261.86,Medium,0,High,0.197,17.791666666666668,17.625,6239.236666666667,5454.883333333333,382.05404299102594,185.84583333333333,1296.1320416666656,2.5,0.0,1.7083333333333333,0.3333333333333333,1.1666666666666667,0.0,0.07154166666666667,0.06758333333333334,0.8807916666666666,1.0085833333333334,0.08366666666666667,427,1,0,0
PRV00119,Provider 119,Pharmacy,Pharmacy,Itapúa,Urban,In-network,Expensive,Standard,1.3675497609382627,Medium,Low,261.22,High,0,Medium,0.285,4.208333333333333,4.208333333333333,1152.7991666666667,1031.19875,284.9019216269841,243.9885416666667,479.5133958333333,0.0,0.0,0.25,0.041666666666666664,0.375,0.0,0.016375,0.14525,1.072875,1.0,0.13829166666666667,101,0,0,0
PRV00120,Provider 120,Lab,Laboratory,Paraguarí,Urban,Out-of-network,Normal,Standard,1.0417696285804063,Low,Low,234.69,High,0,Medium,0.211,3.652173913043478,3.652173913043478,1231.0547826086956,1070.6391304347826,353.457765010352,315.9658695652174,563.8046086956522,0.0,0.0,0.21739130434782608,0.043478260869565216,0.13043478260869565,0.0,0.06926086956521739,0.02191304347826087,0.7869565217391304,1.0,0.043478260869565216,84,0,0,0
PRV00121,Provider 121,Pharmacy,Pharmacy,Alto Paraná,Urban,Out-of-network,Normal,External,1.0414453555076073,Medium,High,246.12,Low,0,Medium,0.234,4.695652173913044,4.695652173913044,1130.9482608695653,993.8073913043478,248.56030486542446,213.8545652173913,433.5223913043478,0.0,0.0,0.43478260869565216,0.043478260869565216,0.30434782608695654,0.0,0.042434782608695654,0.05634782608695652,0.9535217391304348,1.0,0.06382608695652174,108,0,0,0
PRV00122,Provider 122,Pharmacy,Pharmacy,Itapúa,Metro,In-network,Normal,Preferred,1.1046389309712084,High,Low,206.05,Low,0,Medium,0.161,3.9583333333333335,3.9583333333333335,1097.3595833333334,969.78875,335.5624861111111,284.37854166666665,543.1560833333333,0.0,0.0,0.5833333333333334,0.20833333333333334,0.3333333333333333,0.0,0.06358333333333334,0.09304166666666668,1.19225,1.0,0.1385,95,0,0,0
PRV00123,Provider 123,Clinic,Pediatrics,Itapúa,Semi-Urban,In-network,Normal,Preferred,1.1692604577533323,Medium,Low,324.36,Medium,0,Medium,0.182,16.791666666666668,16.708333333333332,8155.810416666667,7050.82125,480.4050798208804,260.87937500000004,1252.4294583333324,2.2083333333333335,0.0,1.125,0.5833333333333334,1.375,0.0,0.05229166666666666,0.08591666666666666,1.1340416666666666,1.0035833333333333,0.114875,403,1,0,0
PRV00124,Provider 124,Hospital,Orthopedics,Central,Urban,In-network,Expensive,Standard,1.3253694444463098,Medium,Low,331.05,Medium,0,Medium,0.325,14.25,14.25,24146.91625,20925.982083333332,1717.2742050804336,326.66,8237.21835416666,2.3333333333333335,1.9583333333333333,1.2083333333333333,0.2916666666666667,1.0,0.041666666666666664,0.2084166666666667,0.071,1.1572916666666666,1.0,0.21441666666666667,342,0,1,0
PRV00125,Provider 125,Clinic,General Medicine,Central,Metro,In-network,Expensive,Preferred,1.6087061890589356,High,Low,365.08,Low,0,Medium,0.281,15.5,15.458333333333334,8497.773333333333,7520.642500000001,569.4167057404205,302.78479166666665,1676.5169166666644,2.3333333333333335,0.0,1.5416666666666667,0.4166666666666667,1.0416666666666667,0.0,0.07162500000000001,0.06625,1.3625,1.0015833333333333,0.17125,372,0,0,1
PRV00126,Provider 126,Clinic,Cardiology,Asunción,Semi-Urban,In-network,High Complexity,External,1.7610030644165109,High,High,319.92,Medium,0,Medium,0.266,16.666666666666668,16.541666666666668,8701.553750000001,7704.20625,517.9675016077225,320.24583333333334,1419.5477291666664,1.75,0.0,1.7916666666666667,0.375,1.1666666666666667,0.0,0.06608333333333334,0.06766666666666667,1.2257083333333334,1.0072083333333335,0.12083333333333333,400,1,0,1
PRV00127,Provider 127,Pharmacy,Pharmacy,Central,Semi-Urban,In-network,Normal,Standard,0.9919341607851834,High,Medium,165.12,Medium,0,Low,0.215,5.125,5.125,1078.5987499999999,957.5745833333334,204.79009209656087,158.10020833333334,397.16343749999993,0.0,0.0,0.20833333333333334,0.08333333333333333,0.2916666666666667,0.0,0.11566666666666665,0.059291666666666666,0.7767916666666667,1.0,0.0375,123,0,0,0
PRV00128,Provider 128,Pharmacy,Pharmacy,Central,Metro,Out-of-network,Normal,Standard,1.1198851871092064,High,High,222.19,High,0,Medium,0.192,3.9166666666666665,3.9166666666666665,1003.4491666666667,876.8958333333334,259.2058338293651,250.11208333333332,408.4727708333333,0.0,0.0,0.4166666666666667,0.125,0.3333333333333333,0.0,0.06254166666666666,0.07816666666666668,0.9700416666666666,1.0,0.08533333333333333,94,0,0,0
PRV00129,Provider 129,Hospital,General Medicine,Asunción,Metro,In-network,Expensive,Standard,1.5522777961702998,Low,Medium,388.66,Low,0,Low,0.292,13.916666666666666,13.833333333333334,29057.88666666667,25384.45875,1927.9068355711072,426.4085416666667,8463.172229166654,2.125,1.6666666666666667,1.3333333333333333,0.16666666666666666,0.7916666666666666,0.041666666666666664,0.17029166666666665,0.05425,1.2484583333333334,1.0075833333333333,0.19625,334,0,0,1
PRV00130,Provider 130,Lab,Laboratory,Caaguazú,Semi-Urban,Out-of-network,Normal,External,0.9631763644644924,Low,Medium,185.24,Medium,0,Medium,0.222,3.1818181818181817,3.1818181818181817,1894.869090909091,1728.7736363636366,525.4409794372294,344.5881818181818,1031.4889999999998,0.0,0.0,0.22727272727272727,0.0,0.09090909090909091,0.0,0.05377272727272728,0.021636363636363638,1.0968181818181817,1.0,0.1325,70,0,0,0
PRV00131,Provider 131,Clinic,Gynecology,Itapúa,Urban,In-network,Normal,External,1.1385772201988518,Medium,Low,255.89,Medium,0,Medium,0.184,17.625,17.583333333333332,5769.887500000001,5002.393333333333,327.06214911446347,209.73541666666665,863.9814374999995,1.875,0.0,1.6666666666666667,0.3333333333333333,1.4166666666666667,0.0,0.07566666666666667,0.07883333333333332,0.7844166666666667,1.0034583333333333,0.051333333333333335,423,1,0,0
PRV00132,Provider 132,Clinic,General Medicine,Asunción,Metro,In-network,Normal,Standard,1.086006625682877,Medium,Medium,268.63,High,0,High,0.221,15.458333333333334,15.375,8069.095416666667,7088.720416666667,534.4841362662731,220.40895833333332,1735.6380208333312,2.3333333333333335,0.0,1.1666666666666667,0.25,1.0833333333333333,0.0,0.06970833333333333,0.06945833333333333,1.281625,1.0056666666666667,0.16774999999999998,371,0,0,0
PRV00133,Provider 133,Hospital,Internal Medicine,Central,Urban,Out-of-network,Normal,External,1.1894847302383351,Medium,Low,205.73,Medium,0,Low,0.19,15.291666666666666,15.25,30192.248333333337,26075.937083333334,2037.466770997369,312.481875,8942.99283333332,2.25,2.0416666666666665,1.3333333333333333,0.25,1.2083333333333333,0.08333333333333333,0.20362499999999997,0.08029166666666666,1.3064583333333333,1.002,0.20004166666666667,367,0,0,0
PRV00134,Provider 134,Clinic,General Medicine,Asunción,Urban,In-network,High Complexity,External,1.4736730552400903,Medium,High,356.98,Medium,0,Medium,0.287,17.083333333333332,17.041666666666668,8562.83375,7597.177083333333,518.6561425674313,306.124375,1513.576729166666,1.7916666666666667,0.0,1.9583333333333333,0.16666666666666666,1.0416666666666667,0.0,0.050708333333333334,0.05641666666666667,1.2438333333333333,1.0032083333333333,0.129,410,1,0,1
PRV00135,Provider 135,Specialist Center,Pulmonology,Central,Urban,In-network,Suspicious,Standard,1.6722461163780808,Medium,High,286.0,Low,1,Medium,0.833,6.625,6.625,3326.727083333333,2698.474166666667,502.1003190536316,381.8258333333333,1082.767625,0.0,0.0,0.5,0.2916666666666667,3.0416666666666665,0.0,0.05229166666666666,0.5027916666666666,1.5607916666666668,1.0,0.4615,159,0,1,1
PRV00136,Provider 136,Clinic,General Medicine,Central,Urban,Out-of-network,Expensive,Preferred,1.1068005444307991,Medium,Low,305.27,High,0,Medium,0.3,16.208333333333332,16.166666666666668,5808.880833333334,5105.3829166666665,356.0136452845382,217.33208333333334,935.0619791666649,2.0833333333333335,0.0,1.625,0.3333333333333333,0.875,0.0,0.07166666666666667,0.056,0.847,1.0027916666666667,0.07979166666666666,389,0,0,0
PRV00137,Provider 137,Lab,Laboratory,Cordillera,Urban,In-network,Normal,Standard,1.045695513645437,Medium,High,228.6,Medium,0,Low,0.237,3.625,3.625,1560.4545833333332,1367.5708333333332,479.6992023809524,403.7464583333333,853.6729375,0.0,0.0,0.4166666666666667,0.08333333333333333,0.16666666666666666,0.0,0.01875,0.05695833333333333,1.0087916666666665,1.0,0.11045833333333333,87,0,0,0
PRV00138,Provider 138,Imaging,Radiology,Central,Metro,In-network,Normal,External,1.0300201004494975,Medium,High,183.43,Low,0,High,0.147,4.916666666666667,4.916666666666667,2176.145,1890.945,451.37808002645505,296.34250000000003,910.6507916666666,0.0,0.0,0.5833333333333334,0.08333333333333333,0.4583333333333333,0.0,0.080875,0.08295833333333334,1.0156666666666665,1.0,0.11779166666666667,118,0,0,0
PRV00139,Provider 139,Clinic,Pediatrics,Cordillera,Metro,Out-of-network,Normal,Preferred,0.9549605062771468,High,Medium,192.03,Medium,0,High,0.237,17.791666666666668,17.75,7771.951249999999,7032.855416666666,433.2243022300915,195.52,1041.122645833332,2.125,0.0,1.625,0.25,1.0,0.0,0.08125,0.058541666666666665,1.0156666666666667,1.001875,0.10125,427,1,0,0
PRV00140,Provider 140,Specialist Center,Cardiology,San Pedro,Urban,In-network,Normal,External,0.9934519414809554,Medium,Low,208.24,Low,0,Medium,0.184,7.583333333333333,7.541666666666667,1809.5133333333333,1605.4091666666666,243.100681252775,179.69416666666666,514.1935416666665,0.0,0.0,0.5,0.08333333333333333,0.75,0.0,0.07716666666666666,0.09849999999999999,0.7682083333333334,1.0052083333333333,0.05266666666666667,182,0,0,0
PRV00141,Provider 141,Specialist Center,Cardiology,Asunción,Semi-Urban,In-network,Normal,Preferred,0.8951023191859908,High,Medium,224.65,Low,0,Medium,0.136,6.583333333333333,6.583333333333333,1424.1383333333333,1225.1933333333334,210.75138062169313,161.09395833333335,449.41758333333337,0.0,0.0,0.8333333333333334,0.20833333333333334,0.8333333333333334,0.0,0.062,0.12712500000000002,0.6610833333333334,1.0,0.06179166666666666,158,0,0,0
PRV00142,Provider 142,Clinic,Pediatrics,Cordillera,Metro,In-network,Expensive,Preferred,1.4938133943398024,Low,Medium,372.27,High,0,High,0.292,16.208333333333332,16.125,7753.234166666666,6831.81625,460.0360408997986,301.76208333333335,1015.1218958333337,2.0,0.0,1.9583333333333333,0.16666666666666666,1.2083333333333333,0.0,0.078375,0.076625,1.09775,1.0055416666666666,0.11395833333333333,389,0,0,1
PRV00143,Provider 143,Lab,Laboratory,Alto Paraná,Urban,Out-of-network,Expensive,Standard,1.2912360630566029,High,Low,301.42,Medium,0,Medium,0.305,2.772727272727273,2.772727272727273,1081.8122727272728,955.3390909090908,406.06590151515144,401.9095454545455,610.720909090909,0.0,0.0,0.45454545454545453,0.09090909090909091,0.2727272727272727,0.0,0.11363636363636363,0.09468181818181819,0.8460454545454545,1.0,0.09813636363636363,61,0,0,0
PRV00144,Provider 144,Clinic,Cardiology,Central,Urban,In-network,Normal,Preferred,1.247523921249676,Medium,Low,215.46,Medium,0,Medium,0.231,18.458333333333332,18.333333333333332,7684.608333333334,6679.2266666666665,421.56786666828503,252.97125000000003,1302.3521666666657,2.0833333333333335,0.0,1.5416666666666667,0.5833333333333334,1.375,0.0,0.05666666666666667,0.07079166666666667,0.9850833333333333,1.0054583333333333,0.08700000000000001,443,1,0,0
PRV00145,Provider 145,Clinic,Cardiology,Central,Urban,Out-of-network,High Complexity,External,1.518391765872014,Medium,Medium,270.56,Medium,0,High,0.27,18.083333333333332,18.083333333333332,9322.824583333333,8181.245833333333,491.4624283373258,301.01916666666665,1258.3332916666652,2.4583333333333335,0.0,1.6666666666666667,0.375,1.2083333333333333,0.0,0.058249999999999996,0.06816666666666667,1.1635833333333334,1.0,0.11483333333333333,434,1,0,1
PRV00146,Provider 146,Hospital,General Medicine,Cordillera,Urban,In-network,Expensive,External,1.258845739074203,Low,Low,215.58,High,0,Medium,0.327,13.416666666666666,13.416666666666666,25321.20041666667,21498.921666666665,1834.408089679622,345.17541666666665,7442.083666666657,1.75,2.0833333333333335,1.2916666666666667,0.25,1.3333333333333333,0.3333333333333333,0.2624166666666667,0.09308333333333334,1.062875,1.0,0.183875,322,0,1,0
PRV00147,Provider 147,Lab,Laboratory,Alto Paraná,Semi-Urban,In-network,Normal,Standard,0.967014950501211,Medium,Medium,221.7,Low,0,Medium,0.158,3.4782608695652173,3.4782608695652173,1519.3747826086958,1371.3278260869565,436.4636252587992,263.91021739130434,897.5491956521739,0.0,0.0,0.7391304347826086,0.0,0.21739130434782608,0.0,0.06926086956521739,0.06447826086956522,0.9123043478260869,1.0,0.08852173913043479,80,0,0,0
PRV00148,Provider 148,Lab,Laboratory,Cordillera,Urban,In-network,Expensive,Standard,1.1805646828146898,Low,High,313.15,Medium,0,Medium,0.298,3.5,3.4545454545454546,1255.4572727272728,1093.2363636363636,390.099079004329,354.42159090909087,622.5850227272726,0.0,0.0,0.4090909090909091,0.09090909090909091,0.3181818181818182,0.0,0.007590909090909092,0.08377272727272728,0.8438636363636364,1.0075909090909092,0.10313636363636362,77,0,0,0
PRV00149,Provider 149,Hospital,Surgery,Paraguarí,Urban,Out-of-network,Normal,Preferred,1.0385817512562354,Low,High,220.24,High,0,High,0.179,15.416666666666666,15.375,15160.063333333334,12891.886250000001,1173.2038637995222,239.38520833333334,4551.225958333327,2.3333333333333335,2.1666666666666665,1.125,0.3333333333333333,1.5416666666666667,0.20833333333333334,0.18620833333333334,0.10020833333333334,0.7601249999999999,1.0025833333333334,0.09825,370,0,0,0
PRV00150,Provider 150,Clinic,General Medicine,Alto Paraná,Metro,In-network,Normal,Standard,0.9664080240176702,Medium,Low,173.28,High,0,Medium,0.136,17.666666666666668,17.583333333333332,5279.049166666667,4587.868333333333,302.95054627756195,202.76916666666668,822.8755624999998,2.0833333333333335,0.0,1.5,0.3333333333333333,1.25,0.0,0.050083333333333334,0.06791666666666667,0.7293333333333334,1.0046666666666666,0.04933333333333333,424,1,0,0
PRV00151,Provider 151,Specialist Center,Pulmonology,San Pedro,Urban,In-network,Normal,Standard,1.090500223231819,Medium,High,247.51,Medium,0,Medium,0.22,7.125,7.125,1872.515,1638.9883333333335,246.32532631373257,184.93499999999997,577.2555624999999,0.0,0.0,0.6666666666666666,0.16666666666666666,0.2916666666666667,0.0,0.07383333333333333,0.06729166666666667,0.7811666666666667,1.0,0.057083333333333326,171,0,0,0
PRV00152,Provider 152,Clinic,Gynecology,Alto Paraná,Metro,In-network,Expensive,Standard,1.31703030057907,Medium,Low,339.02,Medium,0,Medium,0.324,17.625,17.541666666666668,7699.63375,6746.544583333333,451.26000923829247,277.56666666666666,1288.6806874999997,2.1666666666666665,0.0,1.875,0.6666666666666666,1.6666666666666667,0.0,0.09583333333333333,0.09433333333333334,1.0702083333333332,1.0047916666666665,0.131625,423,1,0,0
PRV00153,Provider 153,Hospital,General Medicine,Alto Paraná,Metro,In-network,Normal,Standard,1.1107553689348515,High,Low,276.58,High,0,Medium,0.165,15.208333333333334,15.125,16485.590833333332,15129.5025,1021.9995142107509,280.543125,4428.0535624999975,2.3333333333333335,1.7083333333333333,1.2916666666666667,0.20833333333333334,1.125,0.16666666666666666,0.17737499999999998,0.07770833333333334,0.71,1.0057916666666666,0.09529166666666666,365,0,0,0
PRV00154,Provider 154,Lab,Laboratory,Alto Paraná,Urban,In-network,Normal,Standard,1.0605964599453632,Medium,Medium,281.88,Medium,0,Medium,0.177,3.130434782608696,3.130434782608696,1046.0621739130436,911.9060869565218,307.4224275362319,268.105,510.6023260869565,0.0,0.0,0.34782608695652173,0.17391304347826086,0.30434782608695654,0.0,0.10291304347826087,0.14273913043478262,0.6478695652173913,1.0,0.07173913043478261,72,0,0,0
PRV00155,Provider 155,Specialist Center,Neurology,Asunción,Metro,In-network,Normal,Standard,1.0022877421374676,Medium,Medium,193.79,High,0,Medium,0.173,7.791666666666667,7.791666666666667,1798.8570833333333,1582.7425,223.66861808561808,176.43916666666667,482.46041666666656,0.0,0.0,0.9166666666666666,0.25,0.75,0.0,0.06175,0.08366666666666667,0.7182083333333334,1.0,0.046875,187,0,0,0
PRV00156,Provider 156,Clinic,Cardiology,Itapúa,Metro,In-network,Normal,External,1.1264186069880655,Low,Medium,206.44,High,0,Medium,0.239,16.833333333333332,16.791666666666668,6571.993333333333,5655.515833333334,384.49262622322226,220.33604166666666,1131.947187499999,1.9583333333333333,0.0,1.625,0.2916666666666667,1.25,0.0,0.07995833333333334,0.07179166666666666,0.904,1.0017916666666666,0.07145833333333333,404,1,0,0
PRV00157,Provider 157,Imaging,Radiology,Alto Paraná,Urban,In-network,Suspicious,External,1.959504561428186,Medium,Medium,520.4,Low,1,Low,0.885,4.086956521739131,4.086956521739131,3327.0304347826086,2770.9352173913044,831.1026863354037,689.1317391304348,1570.6903695652175,0.0,0.0,0.2608695652173913,0.08695652173913043,1.4782608695652173,0.0,0.04930434782608696,0.32473913043478264,1.9118260869565218,1.0,0.4872608695652174,94,0,1,1
PRV00158,Provider 158,Pharmacy,Pharmacy,Central,Metro,In-network,Expensive,Standard,1.703545539199587,Medium,Low,406.99,Low,0,High,0.291,5.041666666666667,5.0,1688.6333333333332,1484.2570833333332,323.61122271825394,283.115625,588.7801249999999,0.0,0.0,0.2916666666666667,0.0,0.20833333333333334,0.0,0.049375,0.031125,1.2189583333333334,1.0069583333333334,0.11758333333333333,121,0,0,1
PRV00159,Provider 159,Clinic,General Medicine,Paraguarí,Metro,In-network,Normal,Standard,0.9672435804017436,High,Low,190.85,Medium,0,Low,0.193,17.666666666666668,17.666666666666668,6294.853749999999,5645.814583333333,352.95252645560817,176.81687499999998,933.7090833333335,2.4583333333333335,0.0,1.375,0.4166666666666667,1.5,0.0,0.06883333333333333,0.08608333333333333,0.8388333333333334,1.0,0.08141666666666666,424,1,0,0
PRV00160,Provider 160,Pharmacy,Pharmacy,Central,Urban,In-network,Normal,Standard,1.0061292884366768,High,Medium,250.61,Low,0,High,0.138,4.391304347826087,4.391304347826087,931.2517391304348,810.304347826087,223.71835610766044,190.74869565217392,380.63260869565215,0.0,0.0,0.2608695652173913,0.08695652173913043,0.391304347826087,0.0,0.1211304347826087,0.08556521739130435,0.8450434782608696,1.0,0.06330434782608696,101,0,0,0
PRV00161,Provider 161,Clinic,General Medicine,Alto Paraná,Urban,Out-of-network,Normal,Preferred,1.1254967208808744,Medium,Medium,290.17,Medium,0,Low,0.124,16.416666666666668,16.333333333333332,5839.612916666666,5102.094166666667,373.4496163721505,222.57125,1187.145166666666,1.875,0.0,1.25,0.20833333333333334,1.25,0.0,0.08733333333333333,0.07820833333333334,0.8802916666666666,1.0065833333333334,0.07158333333333333,394,0,0,0
PRV00162,Provider 162,Imaging,Radiology,Itapúa,Metro,In-network,Normal,External,0.876516975053191,Low,Medium,204.93,High,0,Medium,0.236,3.227272727272727,3.227272727272727,1013.8486363636363,889.2363636363636,323.1818560606061,223.61863636363634,569.6777727272728,0.0,0.0,0.2727272727272727,0.045454545454545456,0.22727272727272727,0.0,0.0659090909090909,0.05831818181818182,0.7444545454545455,1.0,0.06954545454545455,71,0,0,0
PRV00163,Provider 163,Imaging,Radiology,Cordillera,Semi-Urban,In-network,Normal,External,1.105355485058605,High,Low,268.1,Medium,0,Low,0.213,3.0869565217391304,3.0869565217391304,1224.0939130434783,1098.2339130434782,431.7232898550725,407.1852173913044,691.3085869565217,0.0,0.0,0.4782608695652174,0.0,0.0,0.0,0.08986956521739131,0.0,0.9883913043478261,1.0,0.07308695652173912,71,0,0,0
PRV00164,Provider 164,Lab,Laboratory,Central,Urban,Out-of-network,Normal,Standard,1.0351442206145176,High,Medium,212.24,High,0,High,0.238,3.875,3.875,1232.9624999999999,1101.3604166666667,331.6969398148148,275.87333333333333,569.1564166666666,0.0,0.0,0.5,0.125,0.4583333333333333,0.0,0.054875,0.13354166666666667,0.7400833333333333,1.0,0.07616666666666667,93,0,0,0
PRV00165,Provider 165,Hospital,Internal Medicine,Caaguazú,Urban,In-network,Normal,Standard,0.92894313956422,Low,Low,208.68,Medium,0,Medium,0.177,15.958333333333334,15.875,12908.420833333332,11069.45375,805.8456473360178,237.0860416666667,3017.2870624999982,2.875,1.9166666666666667,1.7083333333333333,0.625,1.3333333333333333,0.16666666666666666,0.17908333333333334,0.07741666666666668,0.5358333333333333,1.003875,0.043333333333333335,383,0,0,0
PRV00166,Provider 166,Pharmacy,Pharmacy,Cordillera,Urban,In-network,Expensive,Standard,1.1864352409738654,Medium,Low,264.46,Medium,0,Medium,0.344,4.458333333333333,4.458333333333333,1169.84375,1010.13625,292.5428298611111,232.001875,553.9699166666666,0.0,0.0,0.4166666666666667,0.125,0.2916666666666667,0.0,0.03958333333333333,0.07220833333333333,1.1109166666666666,1.0,0.13158333333333333,107,0,1,0
PRV00167,Provider 167,Clinic,Cardiology,Asunción,Semi-Urban,In-network,Expensive,Standard,1.269301263224366,High,Medium,332.26,Low,0,Medium,0.3,16.875,16.875,6451.232499999999,5644.266250000001,377.8965969972419,236.489375,1056.9679166666654,2.4583333333333335,0.0,2.125,0.375,1.4166666666666667,0.0,0.07733333333333334,0.08725,0.902625,1.0,0.099625,405,1,0,0
PRV00168,Provider 168,Clinic,General Medicine,Asunción,Urban,In-network,Normal,Preferred,0.85,Low,Low,221.68,Medium,0,Medium,0.15,16.625,16.625,4717.092083333333,4188.517916666667,278.2339878226349,167.399375,780.4381666666663,2.875,0.0,1.4583333333333333,0.5416666666666666,1.2916666666666667,0.0,0.08033333333333333,0.079,0.672,1.0,0.04641666666666667,399,0,0,0
PRV00169,Provider 169,Hospital,Internal Medicine,Alto Paraná,Urban,In-network,Normal,External,0.9608368445046797,High,Low,249.74,Medium,0,Medium,0.221,15.291666666666666,15.166666666666666,13660.849583333335,12032.825416666667,893.0812294828775,250.801875,3854.3120833333305,2.375,2.0833333333333335,1.2916666666666667,0.375,1.375,0.20833333333333334,0.1865416666666667,0.08775,0.5505833333333333,1.0093333333333334,0.057791666666666665,367,0,0,0
PRV00170,Provider 170,Lab,Laboratory,Central,Urban,In-network,Expensive,Preferred,1.42470676000111,Medium,Medium,229.84,Medium,0,High,0.323,3.5714285714285716,3.5714285714285716,2272.977619047619,1989.7880952380951,585.0937505668934,326.5102380952381,1301.2480476190474,0.0,0.0,0.3333333333333333,0.0,0.14285714285714285,0.0,0.04171428571428572,0.03571428571428571,1.1443809523809523,1.0,0.1382857142857143,75,0,0,0
PRV00171,Provider 171,Imaging,Radiology,Asunción,Metro,In-network,Normal,Standard,0.9618959487224936,Low,Medium,240.42,High,0,Medium,0.219,3.5416666666666665,3.5416666666666665,1063.68375,941.3620833333333,269.8683293650794,224.31354166666665,477.056,0.0,0.0,0.16666666666666666,0.08333333333333333,0.2916666666666667,0.0,0.09304166666666668,0.08233333333333333,0.6473333333333333,1.0,0.044625,85,0,0,0
PRV00172,Provider 172,Hospital,Orthopedics,Alto Paraná,Metro,In-network,Suspicious,External,2.055428794315438,High,Medium,516.0,Medium,1,High,0.905,14.875,14.875,56306.348750000005,43133.14,3686.2685477143023,599.8720833333333,18157.53922916664,1.9166666666666667,2.3333333333333335,1.3333333333333333,0.20833333333333334,5.333333333333333,0.2916666666666667,0.20458333333333334,0.3495,2.1499583333333336,1.0,0.5564583333333334,357,0,1,1
PRV00173,Provider 173,Lab,Laboratory,Central,Urban,In-network,Expensive,Standard,1.5491937123270343,Medium,Low,373.98,Medium,0,Medium,0.301,3.6818181818181817,3.6818181818181817,1825.1068181818182,1595.1486363636366,484.951593073593,448.1734090909091,790.7209772727273,0.0,0.0,0.4090909090909091,0.045454545454545456,0.22727272727272727,0.0,0.03195454545454545,0.0605909090909091,1.0316363636363637,1.0,0.10486363636363637,81,0,0,1
PRV00174,Provider 174,Clinic,Pediatrics,Alto Paraná,Urban,In-network,Normal,Standard,1.102051558610062,Medium,Low,276.34,Medium,0,Medium,0.181,16.666666666666668,16.666666666666668,6019.295833333334,5319.84375,345.99362373473406,216.048125,1080.0752499999992,2.0,0.0,1.5416666666666667,0.5,1.4166666666666667,0.0,0.08541666666666668,0.08029166666666666,0.8237916666666667,1.0,0.057458333333333333,400,1,0,0
PRV00175,Provider 175,Imaging,Radiology,Central,Urban,In-network,Normal,Standard,1.0184512728211492,Low,Low,265.85,Low,0,Medium,0.201,3.0434782608695654,3.0434782608695654,1042.4226086956521,910.2721739130434,327.22641925465837,267.9658695652174,557.9580869565216,0.0,0.0,0.21739130434782608,0.0,0.2608695652173913,0.0,0.07243478260869565,0.06417391304347826,0.7784347826086957,1.0,0.05560869565217392,70,0,0,0
PRV00176,Provider 176,Hospital,Internal Medicine,Alto Paraná,Metro,In-network,Expensive,Preferred,1.071038487301624,Low,Low,231.81,Medium,0,Medium,0.308,15.541666666666666,15.416666666666666,31681.029583333333,28732.22875,2185.8782091935036,257.3220833333333,9878.41370833333,2.0,1.8333333333333333,1.5416666666666667,0.4166666666666667,1.5,0.041666666666666664,0.18741666666666668,0.08537499999999999,1.2123333333333333,1.0083333333333333,0.20541666666666666,373,0,0,0
PRV00177,Provider 177,Imaging,Radiology,Central,Urban,In-network,Normal,Standard,0.9437042006373916,Medium,Medium,207.85,Low,0,High,0.22,3.4782608695652173,3.4782608695652173,1215.713043478261,1029.6578260869567,275.56164492753624,223.64152173913044,515.0424999999999,0.0,0.0,0.34782608695652173,0.043478260869565216,0.13043478260869565,0.0,0.010869565217391304,0.02826086956521739,0.671695652173913,1.0,0.03104347826086957,80,0,0,0
PRV00178,Provider 178,Clinic,Cardiology,Itapúa,Metro,In-network,Normal,Preferred,0.9886369178580492,Medium,High,172.98,Low,0,High,0.185,15.875,15.791666666666666,4449.7266666666665,3913.816666666667,283.1484417206407,187.37395833333335,737.204666666666,1.5833333333333333,0.0,1.625,0.2916666666666667,1.1666666666666667,0.0,0.06545833333333333,0.07529166666666666,0.6816249999999999,1.0051666666666665,0.052041666666666674,381,0,0,0
PRV00179,Provider 179,Specialist Center,Neurology,Asunción,Urban,In-network,High Complexity,Standard,1.3891038230891342,Medium,Medium,286.5,Low,0,Medium,0.24,7.333333333333333,7.333333333333333,2662.6854166666667,2301.48875,362.22760383597887,242.43479166666668,927.9018333333329,0.0,0.0,0.7083333333333334,0.3333333333333333,0.5,0.0,0.058291666666666665,0.06858333333333333,1.1016666666666666,1.0,0.10491666666666666,176,0,0,0
PRV00180,Provider 180,Hospital,Internal Medicine,Itapúa,Urban,In-network,Normal,External,0.9888395619610744,High,Medium,234.56,Medium,0,Medium,0.19,16.625,16.458333333333332,16961.8675,14763.905833333332,988.8090952038909,249.584375,4514.281312499997,2.375,2.75,1.5833333333333333,0.2916666666666667,1.375,0.2916666666666667,0.21575,0.07908333333333334,0.6575833333333333,1.0102499999999999,0.05941666666666667,399,0,0,0
